<?xml version="1.0" encoding="UTF-8"?>
<project-private xmlns="http://www.netbeans.org/ns/project-private/1">
    <editor-bookmarks xmlns="http://www.netbeans.org/ns/editor-bookmarks/2" lastBookmarkId="0"/>
    <open-files xmlns="http://www.netbeans.org/ns/projectui-open-files/2">
        <group>
            <file>file:/C:/Users/wswhi/Documents/Projets%20of%20Java/Patron_Estrategia/src/patron/strategy/implementacion/CuerpoGeometrico.java</file>
            <file>file:/C:/Users/wswhi/Documents/Projets%20of%20Java/Patron_Estrategia/src/patron/strategy/principal/Formulario.java</file>
            <file>file:/C:/Users/wswhi/Documents/Projets%20of%20Java/Patron_Estrategia/src/patron/strategy/clases/derivadas/AreaCirculo.java</file>
            <file>file:/C:/Users/wswhi/Documents/Projets%20of%20Java/Patron_Estrategia/src/patron/strategy/clases/derivadas/AreaPoligonoRegular.java</file>
            <file>file:/C:/Users/wswhi/Documents/Projets%20of%20Java/Patron_Estrategia/src/patron/strategy/excepciones/PoligonoNoExisteException.java</file>
            <file>file:/C:/Users/wswhi/Documents/Projets%20of%20Java/Patron_Estrategia/src/patron/strategy/excepciones/ConstructorIncorrectoException.java</file>
            <file>file:/C:/Users/wswhi/Documents/Projets%20of%20Java/Patron_Estrategia/src/patron/strategy/excepciones/PoligonoNoSoportadoException.java</file>
            <file>file:/C:/Users/wswhi/Documents/Projets%20of%20Java/Patron_Estrategia/src/patron/strategy/interfaces/IArea.java</file>
        </group>
    </open-files>
</project-private>
